<?xml version="1.0" encoding="UTF-8"?>
<addon
 id="plugin.video.sklns"
  version="1.0.4"
 name="sklns TV"
 provider-name="Admirer">
 <requires>
        <import addon="xbmc.python" version="2.1.0" optional="true" />
        <import addon="script.module.addon.common"/>"
        <import addon="script.module.urlresolver"/>"
        <import addon="script.module.requests"/>"
  </requires>
  <extension point="xbmc.python.pluginsource"
            library="default.py">
    <provides>video</provides>
  </extension>
  <extension point="xbmc.addon.metadata">
    <summary> sklns </summary>
    <description> Movies & series from sklns </description>
   <platform>all</platform>
  </extension>
</addon>